
INSERT INTO RETAILER(ID, NAME) values(1, 'nutrisa');
INSERT INTO RETAILER(ID, NAME) values(2, 'legrand');
INSERT INTO RETAILER(ID, NAME) values(3, 'bless');
INSERT INTO RETAILER(ID, NAME) values(4, 'soho');

INSERT INTO HOLDING(ID, NAME) values(1, 'construmart');
INSERT INTO HOLDING(ID, NAME) values(2, 'easy');
INSERT INTO HOLDING(ID, NAME) values(3, 'sodimac');
INSERT INTO HOLDING(ID, NAME) values(4, 'cencosud');
INSERT INTO HOLDING(ID, NAME) values(5, 'smu');
INSERT INTO HOLDING(ID, NAME) values(6, 'tottus');
INSERT INTO HOLDING(ID, NAME) values(7, 'walmart');

INSERT INTO ACCOUNT(ID, RETAILER_ID, HOLDING_ID, USER, PASSWORD) VALUES (1, 2, 1, '[[PUT_YOUR_VALUE]]', '[[PUT_YOUR_VALUE]]');
INSERT INTO ACCOUNT(ID, RETAILER_ID, HOLDING_ID, USER, PASSWORD) VALUES (2, 2, 2, '[[PUT_YOUR_VALUE]]', '[[PUT_YOUR_VALUE]]');
INSERT INTO ACCOUNT(ID, RETAILER_ID, HOLDING_ID, USER, PASSWORD) VALUES (3, 2, 3, '[[PUT_YOUR_VALUE]]', '[[PUT_YOUR_VALUE]]');
INSERT INTO ACCOUNT(ID, RETAILER_ID, HOLDING_ID, USER, PASSWORD) VALUES (4, 2, 4, '[[PUT_YOUR_VALUE]]', '[[PUT_YOUR_VALUE]]');
INSERT INTO ACCOUNT(ID, RETAILER_ID, HOLDING_ID, USER, PASSWORD) VALUES (5, 1, 4, '[[PUT_YOUR_VALUE]]', '[[PUT_YOUR_VALUE]]');
INSERT INTO ACCOUNT(ID, RETAILER_ID, HOLDING_ID, USER, PASSWORD) VALUES (6, 1, 5, '[[PUT_YOUR_VALUE]]', '[[PUT_YOUR_VALUE]]');
INSERT INTO ACCOUNT(ID, RETAILER_ID, HOLDING_ID, USER, PASSWORD) VALUES (7, 1, 6, '[[PUT_YOUR_VALUE]]', '[[PUT_YOUR_VALUE]]');
INSERT INTO ACCOUNT(ID, RETAILER_ID, HOLDING_ID, USER, PASSWORD) VALUES (8, 1, 7, '[[PUT_YOUR_VALUE]]', '[[PUT_YOUR_VALUE]]');
INSERT INTO ACCOUNT(ID, RETAILER_ID, HOLDING_ID, USER, PASSWORD) VALUES (9, 3, 4, '[[PUT_YOUR_VALUE]]', '[[PUT_YOUR_VALUE]]');
INSERT INTO ACCOUNT(ID, RETAILER_ID, HOLDING_ID, USER, PASSWORD) VALUES (10, 3, 6, '[[PUT_YOUR_VALUE]]', '[[PUT_YOUR_VALUE]]');
INSERT INTO ACCOUNT(ID, RETAILER_ID, HOLDING_ID, USER, PASSWORD) VALUES (11, 3, 5, '[[PUT_YOUR_VALUE]]', '[[PUT_YOUR_VALUE]]');
INSERT INTO ACCOUNT(ID, RETAILER_ID, HOLDING_ID, USER, PASSWORD) VALUES (12, 3, 7, '[[PUT_YOUR_VALUE]]', '[[PUT_YOUR_VALUE]]');
INSERT INTO ACCOUNT(ID, RETAILER_ID, HOLDING_ID, USER, PASSWORD) VALUES (13, 4, 4, '[[PUT_YOUR_VALUE]]', '[[PUT_YOUR_VALUE]]');
INSERT INTO ACCOUNT(ID, RETAILER_ID, HOLDING_ID, USER, PASSWORD) VALUES (14, 4, 5, '[[PUT_YOUR_VALUE]]', '[[PUT_YOUR_VALUE]]');
INSERT INTO ACCOUNT(ID, RETAILER_ID, HOLDING_ID, USER, PASSWORD) VALUES (15, 4, 7, '[[PUT_YOUR_VALUE]]', '[[PUT_YOUR_VALUE]]');


INSERT INTO PARAMETER(ID, NAME, VALUE) values(1, 'captcha.api_key', '[[PUT_YOUR_VALUE]]');
INSERT INTO PARAMETER(ID, NAME, VALUE) values(2, 'mail.to', '[[PUT_YOUR_VALUE]]');
INSERT INTO PARAMETER(ID, NAME, VALUE) values(3, 'mail.from.user', '[[PUT_YOUR_VALUE]]');
INSERT INTO PARAMETER(ID, NAME, VALUE) values(4, 'mail.from.password', '[[PUT_YOUR_VALUE]]');
INSERT INTO PARAMETER(ID, NAME, VALUE) values(5, 'error.to', '[[PUT_YOUR_VALUE]]');
INSERT INTO PARAMETER(ID, NAME, VALUE) values(6, 'file.download_path', '[[PUT_YOUR_VALUE]]');
INSERT INTO PARAMETER(ID, NAME, VALUE) values(7, 'upload.server', '[[PUT_YOUR_VALUE]]');
INSERT INTO PARAMETER(ID, NAME, VALUE) values(8, 'upload.host', '[[PUT_YOUR_VALUE]]');
INSERT INTO PARAMETER(ID, NAME, VALUE) values(9, 'upload.path', '[[PUT_YOUR_VALUE]]');
INSERT INTO PARAMETER(ID, NAME, VALUE) values(10, 'upload.password', '[[PUT_YOUR_VALUE]]');
INSERT INTO PARAMETER(ID, NAME, VALUE) values(11, 'upload.target', '[[PUT_YOUR_VALUE]]');

